KandM1,KandM2,KandM3,co2_values
0.964128543,0.96411211,0.964084963,0.227525855
0.849138645,0.84909352,0.848993317,1.158258381
0.73346037,0.734229733,0.735220881,0.729640528
0.776450161,0.776578236,0.776792526,5.22124458
0.813499925,0.809392507,0.795817634,5.431728864
0.826141805,0.82295639,0.81269242,5.779354654
0.835428878,0.83323163,0.82644236,7.632437824
0.863722672,0.86125449,0.853768211,7.869720152
0.840858645,0.838901734,0.832967636,8.574720616
0.924995161,0.922241936,0.91385322,6.480241102
0.878214563,0.874622683,0.863266689,8.585258454
0.762202273,0.759190818,0.748813853,8.080058656
0.748528436,0.743565663,0.726395046,7.583175336
0.735455741,0.730585392,0.713571682,6.497183241
0.738391037,0.731397607,0.707384035,7.066489891
0.619822774,0.610670166,0.578773523,5.857806291
0.697174305,0.687100118,0.652677967,4.603729415
0.960194499,0.958082014,0.9515148,0.149507233
0.903543283,0.903324156,0.902869306,1.144785131
0.968122391,0.967933092,0.967566073,0.532821218
0.97560679,0.975588404,0.97555779,0.203088639
0.982560535,0.982536151,0.982494905,0.176476589
0.976352111,0.975893965,0.97486429,0.338652724
0.933874019,0.933607257,0.933065784,0.008053751
0.879037929,0.8784754,0.877097852,0.735277266
0.633430432,0.63418613,0.635500008,2.81530928
0.917622711,0.916069079,0.911868152,5.766838429
0.748544235,0.743840832,0.727542104,5.292261595
0.686721501,0.681202467,0.661457127,5.410490544
0.614578792,0.60729643,0.581130674,6.869955803
0.665504706,0.657827798,0.630930561,6.98829585
0.635942401,0.628646325,0.602654204,8.751600718
0.579534121,0.572477386,0.546660329,7.827442964
0.608270078,0.600121354,0.571217622,7.744667628
0.598041884,0.589818005,0.560593247,7.003390385
0.57938921,0.571043615,0.541288897,6.356340449
0.55720874,0.547736806,0.514427039,7.486072099
0.605861826,0.596814658,0.565135116,6.600362868
0.512446709,0.500904352,0.461288129,5.531633314
0.513216334,0.500009442,0.4555154,4.690187373
0.926812166,0.924507965,0.91774823,0.475026706
0.978189322,0.978068267,0.977841323,0.041299119
0.949922222,0.949052398,0.946953015,0.338360623
0.879373998,0.879342798,0.879283034,0.59032018
0.798027025,0.798062253,0.798120062,3.297244065
0.418376303,0.421147531,0.425863154,4.185544259
0.693114211,0.693246377,0.692692805,5.12361868
0.858532834,0.854811328,0.842917546,6.556522084
0.853098326,0.848836088,0.835000357,7.391544843
0.781386869,0.776707016,0.760852297,7.631534982
0.804062265,0.799525781,0.784383819,8.909536285
0.77541567,0.772157454,0.761097476,8.478028312
0.753379946,0.74762479,0.727856119,10.37136669
0.75507763,0.749634957,0.730928147,9.41595291
0.813132262,0.809197391,0.796216114,7.910035381
0.78267167,0.777060265,0.758053451,6.361596865
0.785043837,0.78006821,0.763243068,8.529001433
0.843399257,0.839122561,0.825185704,8.125242159
0.870634535,0.867457098,0.857546266,6.167468937
0.748741693,0.741491449,0.716709398,5.180351061
0.821336988,0.814937464,0.79337654,4.814376477
0.943549764,0.94164059,0.936237625,0.291243114
0.921285905,0.921275486,0.921258254,1.18187374
0.983618107,0.983366523,0.982863982,0.017557376
0.98015163,0.979527248,0.978052106,0.025463931
0.985319554,0.984641577,0.982906248,0.05373995
0.986375385,0.985652677,0.983748897,0.822062025
0.915203078,0.914846181,0.91421877,1.210817895
0.938514772,0.93589062,0.927861602,0.546228374
0.910227407,0.909091319,0.906215294,2.226217412
0.889782926,0.88671889,0.878921446,0.960759488
0.94671591,0.946229423,0.945172295,1.427387465
0.971427234,0.971317237,0.971113979,0.228846345
0.853870978,0.848818423,0.832149932,0.91774097
0.803064842,0.798839759,0.784760619,6.60925898
0.78546639,0.781268532,0.767102887,6.701054308
0.772945672,0.767813301,0.750335928,8.26193711
0.815795475,0.811370851,0.796718246,9.046169257
0.780695987,0.776596907,0.762717215,10.64723134
0.808496335,0.803649363,0.787476628,10.77397601
0.84554749,0.84290416,0.834681295,9.582067813
0.857353461,0.855160267,0.848564341,11.20189911
0.818018563,0.81452875,0.803134427,9.080753246
0.875825234,0.87225632,0.860976233,10.65946304
0.805914818,0.805014133,0.802210017,10.39448485
0.764924223,0.758535738,0.736757714,5.934509927
0.800858829,0.798059619,0.788868681,6.406582191
0.850057153,0.845688275,0.831460766,4.457705008
0.494906537,0.492411622,0.479854646,3.197890941
0.849270117,0.843861771,0.825911404,0.592728896
0.987491669,0.987609161,0.987759762,0.106135439
0.982587882,0.982012209,0.980694357,0.185581267
0.901170583,0.898415258,0.890219176,3.577526357
0.958760208,0.958668822,0.958503174,0.859988884
0.92807593,0.9273603,0.924925048,1.394179954
0.728102286,0.71934583,0.689419636,3.579963757
0.730745147,0.722569384,0.694595606,6.780745989
0.74729426,0.741565408,0.721821648,8.191592045
0.725985595,0.719662212,0.697732311,9.017437655
0.720923505,0.714369273,0.691631782,8.691767155
0.69200298,0.684852017,0.659890306,10.55785055
0.73341364,0.726854513,0.704224838,9.288734215
0.75766459,0.752124912,0.733120301,9.998828329
0.757240317,0.752274085,0.73518997,11.01891371
0.795199988,0.789887638,0.772006447,7.091538558
0.793637375,0.787974462,0.768882796,5.960114287
0.760592014,0.755707661,0.7389366,8.711566962
0.711534686,0.704331117,0.679388681,7.438265265
0.735197463,0.727139398,0.699581879,6.184749828
0.630314977,0.61906621,0.580701449,4.258261002
0.946156516,0.94555843,0.944203585,0.415556059
0.992848421,0.992389978,0.991178756,0.043428006
0.937065142,0.936735824,0.935497508,0.803868855
0.508995749,0.495336871,0.449513936,3.755236893
0.478250793,0.465584292,0.42268992,6.083760143
0.543440186,0.532778683,0.495855661,8.802503638
0.611349513,0.602706355,0.572309401,7.950564202
0.619617191,0.611525143,0.582898576,10.06360149
0.668322528,0.660826021,0.63452736,8.901348409
0.776655181,0.772646442,0.759030326,9.384690027
0.801079701,0.79882899,0.791515026,9.675596326
0.845729223,0.84342594,0.836366324,9.293080524
0.830910688,0.829830456,0.826663073,9.6835525
0.875664728,0.872189538,0.861243855,7.356479325
0.809055667,0.803801528,0.786229089,8.556344183
0.797724975,0.796483154,0.792505378,7.86826008
0.779873241,0.773850913,0.753428489,7.521929856
0.734282081,0.726208312,0.698593388,5.612562127
0.925003012,0.922876441,0.91589219,0.118607565
0.916746925,0.914523855,0.907709432,0.172471672
0.912709117,0.912839526,0.912989838,0.193421973
0.955844972,0.953781122,0.947650262,0.223657803
0.954380517,0.95315173,0.950050007,0.330856484
0.747165682,0.745673077,0.739019512,1.666094454
0.991340125,0.99120805,0.990950838,0.035626352
0.971003508,0.97007681,0.967727146,0.086482822
0.973208454,0.971995135,0.968696737,0.332351103
0.871101802,0.866808587,0.852906519,0.539679642
0.688318977,0.687187961,0.684766387,1.266364321
0.958316846,0.956815646,0.952656441,5.364172977
0.808918027,0.804721157,0.790794913,9.132852212
0.819879618,0.815741324,0.802115862,6.148887579
0.847869671,0.843550917,0.829490024,10.2264673
0.811209712,0.806818185,0.79224043,9.584227139
0.859504364,0.856182927,0.845704387,12.18704409
0.853613839,0.850571071,0.841028262,11.2043774
0.820121293,0.817022217,0.806999535,11.36469214
0.880123405,0.87651551,0.865106087,10.92224771
0.784932307,0.780371073,0.764957516,9.466331209
0.820498062,0.818033797,0.810195862,8.043198079
0.800561825,0.795288474,0.777584883,8.846461096
0.763294972,0.75607153,0.731474389,7.885333895
0.807754084,0.802772719,0.786130766,5.702079808
0.604830219,0.59175634,0.547541906,4.706859383
0.978856856,0.977793104,0.974427197,0.017323854
0.778739166,0.779118709,0.779718701,0.015346364
0.963949457,0.963632666,0.962980403,0.635286427
0.992745595,0.992443732,0.991722864,0.010839072
0.98047459,0.979543151,0.977010178,0.357568118
0.958694309,0.95820352,0.957163539,0.627488458
0.853964528,0.852569231,0.847376659,0.931110306
0.627393448,0.628721259,0.6309563,1.68799104
0.611982135,0.611704861,0.608692754,4.522478098
0.74887979,0.748983087,0.748860068,8.457753272
0.89167078,0.888759679,0.87986532,7.673243803
0.761494781,0.75589543,0.736729787,8.332302666
0.683266831,0.677049993,0.655000553,8.664049803
0.481162166,0.470739955,0.434289723,9.570528596
0.47610481,0.465809977,0.429712721,9.493883114
0.531447001,0.522472176,0.490476612,8.674999847
0.483656207,0.472886142,0.435441359,9.773720256
0.521979645,0.512497359,0.478947603,8.168903304
0.506199238,0.495561829,0.458564122,8.442279673
0.535728404,0.525249013,0.488830348,7.075409348
0.463062362,0.449658363,0.404680308,6.818192887
0.391920672,0.376595938,0.32670222,5.059856813
0.938921727,0.938857861,0.938745339,0.116267063
0.982833792,0.982432963,0.981528486,0.030932843
0.993144601,0.992595365,0.990994445,0.022764386
0.661296324,0.661449169,0.661703537,4.763454117
0.718949903,0.718261555,0.715234045,5.836685397
0.800451141,0.795530701,0.779036816,6.044455195
0.745604142,0.739135446,0.716919858,7.643978704
0.637960552,0.630028336,0.602067675,7.712995433
0.658091826,0.649912896,0.621363687,8.97790094
0.559934975,0.549398569,0.51292459,7.712083536
0.615973365,0.608533365,0.581891923,9.293692796
0.71456479,0.707711921,0.683937404,9.328536803
0.691443452,0.684087754,0.658463488,9.545930768
0.734799213,0.729927657,0.712902073,7.838051396
0.742552328,0.737280221,0.719006758,7.638427049
0.649257941,0.640832178,0.611431157,6.464593502
0.676799139,0.669101482,0.642245621,5.911445776
0.709588209,0.701025471,0.671652465,4.372869581
0.955938493,0.95588005,0.955777526,0.976457366
0.934319871,0.934260079,0.934149493,0.32782152
0.444831969,0.447197475,0.45039462,5.64118538
0.93828072,0.935934945,0.928940934,1.273806685
0.984660915,0.983953953,0.982099971,0.003910407
0.913476247,0.912380574,0.909035567,1.147112764
0.989260053,0.988510691,0.98638306,0.078833152
0.925998322,0.922572324,0.911304447,0.310144519
0.734589909,0.729654765,0.712406055,1.546657759
0.878393807,0.877819592,0.876407835,3.348923346
0.907336101,0.904710437,0.896846181,8.554047828
0.762645342,0.757459066,0.739692915,10.52238795
0.716999494,0.710995965,0.690018593,9.971792262
0.723715912,0.717699721,0.696754261,10.15200861
0.738058106,0.731835237,0.710359268,9.082640115
0.724703639,0.718294757,0.696071366,8.610717539
0.704939158,0.699102188,0.678534,8.041432666
0.766293093,0.763144955,0.752350993,9.833693363
0.705190878,0.698623138,0.675678894,7.822479517
0.6710543,0.663257234,0.636031997,6.178831007
0.70630012,0.698245101,0.670499847,5.567927371
0.762557472,0.755114824,0.729770987,6.192381834
0.573843784,0.560691964,0.516312265,4.298883833
0.976470176,0.976392102,0.976251097,0.104457616
0.99032518,0.989800161,0.988504187,0.005125046
0.978349496,0.97786328,0.976753915,0.313174227
0.972995407,0.972694825,0.972070386,0.186527123
0.967806564,0.966747603,0.964033249,0.03329419
0.971805732,0.971735166,0.971609704,0.194361514
0.667336823,0.667868225,0.668795337,2.487308066
0.588326444,0.585285753,0.57113075,1.997694818
0.492555847,0.494045763,0.496658156,6.265481645
0.849608481,0.847139672,0.8395477,7.415160563
0.738359506,0.732293377,0.711338263,7.618363208
0.766334269,0.760893726,0.742310007,8.198151075
0.740922199,0.735127554,0.715098112,8.790934173
0.699542018,0.693328967,0.671474599,8.876635538
0.704611383,0.699669992,0.682042423,9.517538074
0.735889625,0.730562271,0.712029344,10.84034606
0.710384095,0.703900278,0.68128337,7.977571341
0.795125671,0.790463198,0.77480489,9.268836788
0.717046925,0.711049289,0.690091751,8.572563011
0.754384437,0.748402533,0.727887697,6.733140779
0.725381913,0.718232228,0.693591814,7.056296876
0.762529988,0.755725071,0.732531812,4.770315062
0.954796307,0.954708236,0.954549831,0.171493477
0.84369947,0.838893105,0.82627023,0.017439498
0.944959424,0.944401099,0.943152237,0.02865019
0.956696909,0.956689864,0.956678501,0.910896951
0.974989865,0.974952899,0.97488944,0.034105763
0.690248848,0.689453631,0.684439956,0.729763718
0.549678415,0.550334625,0.55146272,2.691216202
0.718746948,0.718894443,0.719142811,4.708934783
0.812096216,0.81148525,0.809620985,5.146454324
0.871199456,0.868442329,0.860005313,6.546885604
0.778939383,0.773052071,0.753078862,5.701347088
0.749561195,0.744798356,0.728311469,6.999856182
0.735384811,0.729885185,0.710774161,10.14146738
0.716244949,0.710885273,0.692016873,8.616787596
0.70487043,0.700655541,0.685448608,9.453005246
0.73163177,0.725876643,0.705877818,9.591505783
0.739327307,0.734333074,0.716950765,9.512720077
0.735298082,0.729874603,0.711015448,8.813425689
0.716150734,0.709132721,0.68483649,8.529205581
0.760886797,0.753822211,0.729745476,6.688833447
0.65854574,0.649678451,0.618967426,5.964327246
0.648135777,0.637376444,0.600618402,6.210057926
0.930177725,0.930059815,0.929837989,0.122334823
0.722069455,0.72127795,0.717951936,5.354329436
0.896839948,0.896322402,0.895115036,0.636266825
0.9621579,0.962099717,0.961720696,0.042337172
0.965589668,0.963957471,0.959296066,0.400089839
0.969407325,0.969405907,0.96940368,0.243005309
0.99243913,0.992045054,0.991041734,0.033828559
0.742675474,0.742789814,0.742981553,1.563343514
0.819482269,0.819519173,0.819579047,2.875187952
0.807895531,0.801390358,0.779454512,3.526681493
0.817200154,0.81228965,0.795965035,5.415544863
0.738206719,0.731107166,0.706742148,7.473048277
0.602945605,0.595182589,0.567417137,7.847606783
0.64809563,0.639936709,0.611360789,8.488287157
0.693546052,0.686781889,0.663080153,8.973625887
0.712434785,0.70669277,0.686521558,9.556028717
0.736162508,0.73165119,0.715849825,9.186138991
0.762456627,0.757788139,0.741767111,7.442938296
0.705244002,0.698818121,0.676334889,7.659189724
0.757524989,0.752814154,0.736594183,7.963394253
0.724578421,0.71722679,0.691919161,7.828648808
0.788566994,0.782213576,0.760726684,7.003715121
0.760404096,0.754407861,0.733902786,4.813910677
0.865647479,0.860177472,0.841505982,0.147879174
0.880981823,0.880981841,0.880981869,0.487251318
0.954829992,0.954314753,0.953189696,1.573127154
0.973973345,0.973487581,0.972315309,0.067079225
0.964809765,0.964800836,0.964786456,0.298112877
0.974052605,0.973929967,0.973701105,0.306144215
0.968940715,0.967703837,0.964334929,0.151623435
0.85942717,0.858718603,0.856848042,0.382919296
0.591146513,0.591355662,0.591704317,4.910139196
0.82136836,0.8214168,0.821485427,4.278249063
0.76446124,0.758373301,0.737598567,4.723121903
0.758023198,0.751510329,0.7292584,6.424437164
0.686108435,0.678786039,0.653216533,8.86768108
0.740441507,0.734171832,0.71256502,8.873878349
0.734009736,0.728036691,0.707343658,9.3645543
0.761124303,0.75627178,0.739614016,8.814228977
0.819408604,0.814471936,0.798072316,10.57063755
0.828913136,0.824117873,0.808273874,9.230699799
0.822142279,0.817835334,0.803643213,9.019898368
0.738030624,0.734781892,0.72328129,6.387432505
0.749278048,0.742627362,0.719841611,7.047101489
0.708211966,0.701306976,0.677300319,6.183828288
0.743845323,0.736450132,0.711151013,5.031801542
0.68697077,0.676363953,0.640142214,3.877817902
0.990166439,0.989886159,0.989253309,0.032202579
0.961709352,0.961422927,0.960843707,0.042927918
0.965991187,0.965888405,0.965699435,0.052890468
0.952083508,0.952075011,0.952060988,0.06155556
0.912990811,0.912963708,0.912903305,0.125583859
0.9604477,0.960021518,0.959105504,0.279080392
0.947940282,0.94789164,0.94780693,0.29627575
0.933062215,0.933044203,0.933014064,0.797910769
0.979874674,0.978983778,0.976605178,0.000856816
0.962470972,0.962469108,0.962466059,0.144496687
0.666031867,0.662384835,0.653512122,0.61396947
0.932312922,0.93187409,0.93092942,0.727439465
0.985840663,0.985037204,0.982810396,0.180864434
0.804457954,0.804514537,0.804607801,2.050874804
0.817090299,0.817097472,0.817108832,2.089809222
0.744082933,0.743381012,0.740604394,4.191874697
0.707919988,0.699727396,0.671548361,4.654722151
0.670518701,0.66180696,0.631679308,6.564374503
0.710203466,0.703132338,0.678606685,8.284678247
0.695826909,0.690182132,0.67013545,7.426503354
0.798145134,0.793825181,0.779371566,7.828731178
0.79032293,0.785476973,0.769144982,9.869600471
0.790579973,0.784725507,0.764956692,12.05543994
0.804242439,0.800095716,0.786298006,7.516395236
0.804457134,0.802058552,0.79427797,8.261653304
0.777872695,0.773694382,0.759512518,7.998280219
0.749326631,0.743753972,0.724551989,6.693143859
0.810729073,0.805676116,0.788810489,5.912620694
0.752810104,0.745172578,0.719119782,5.149689883
0.580211043,0.566672921,0.521057636,3.189095982
0.977241082,0.977210569,0.977158296,0.189373723
0.596759812,0.596274144,0.592266264,3.239154252
0.514982584,0.516492766,0.517768189,3.185719604
0.93317716,0.931545023,0.927043792,0.005114867
0.638355968,0.637914327,0.633185909,0.482156937
0.9748139,0.974711584,0.974523037,0.096674871
0.935069432,0.934936565,0.93468667,0.404828424
0.953772222,0.951571174,0.944880712,0.058677359
0.750787285,0.743033163,0.716576962,3.873624628
0.691013104,0.682216356,0.651965001,6.068908188
0.673255381,0.665372176,0.637894109,6.615583053
0.829409301,0.824936501,0.810221954,7.407997408
0.875088467,0.874812938,0.8741807,8.340409807
0.847274319,0.846681155,0.84509105,9.47715663
0.876208633,0.872744952,0.861841764,8.079749712
0.928968779,0.927929339,0.925335087,8.301296934
0.676263075,0.676793168,0.677690917,7.511760851
0.668079194,0.66868667,0.66968429,7.984036714
0.890497921,0.88915587,0.885538975,7.736599543
0.855918073,0.854870328,0.851976081,6.428016163
0.883554218,0.882025046,0.877784406,6.098456165
0.830987035,0.826412906,0.811355209,4.349295791
0.753995386,0.746514033,0.720993417,3.903464844
0.981019144,0.980989726,0.980939597,0.05238916
0.923305879,0.91946451,0.908197434,0.022509429
0.923338264,0.92330684,0.923235437,0.032631144
0.968444024,0.968328512,0.96811486,0.247370317
0.982993825,0.982594095,0.981711143,0.009924922
0.794710771,0.792788256,0.786505384,2.744028652
0.929190447,0.929124204,0.929004479,0.629022675
0.964928991,0.964799848,0.964558495,0.123263881
0.984847701,0.9840497,0.981886566,0.083983334
0.821403339,0.821153193,0.820464943,0.244866901
0.813393327,0.813393715,0.813394316,2.364490756
0.757112474,0.757287711,0.757583076,4.58169107
0.879688566,0.876294281,0.865649482,6.563496718
0.798274798,0.793054406,0.775513612,7.190852574
0.802555858,0.799279388,0.788465147,7.675892278
0.868074012,0.865974276,0.859767698,7.525680594
0.8975978,0.895686062,0.890259214,8.91013047
0.813643586,0.813446664,0.812819631,7.964915975
0.915899524,0.915199734,0.913550746,8.12077226
0.957787149,0.956816817,0.954402479,8.064679024
0.956566145,0.954974577,0.950529216,7.448377853
0.89278426,0.891048301,0.886182206,8.291668394
0.953850672,0.952964767,0.950804733,5.984948423
0.862985658,0.858318953,0.843057261,6.247665837
0.832955859,0.827993449,0.811586986,3.794081373
0.886892635,0.886831565,0.886711218,2.10966497
0.983679474,0.983419923,0.982873462,0.121960394
0.877449206,0.877377802,0.877230104,2.89672482
0.962453473,0.96245228,0.96245041,0.145777639
0.956445916,0.955675189,0.953852916,0.394603384
0.97010018,0.969181384,0.966954404,0.155260132
0.972198797,0.970915922,0.967318804,0.344708341
0.910571772,0.909126013,0.905244064,0.624876213
0.672373572,0.672743919,0.673381332,2.582184791
0.643812336,0.643621094,0.641432283,3.632379851
0.717588485,0.717846353,0.718286155,9.025641097
0.888757355,0.887514227,0.884196087,7.01036963
0.790491935,0.786422139,0.77274909,7.072168769
0.824634274,0.822708197,0.816731256,9.02441965
0.841651983,0.840973866,0.839106071,9.008542723
0.884170951,0.881556589,0.873679754,10.21705763
0.901298473,0.899672588,0.895197501,8.680911844
0.844705932,0.842343248,0.835073281,8.982251323
0.815921836,0.813984881,0.807886743,7.233385721
0.822235263,0.818438921,0.806020806,7.203375098
0.752758751,0.748836215,0.735230148,6.907372281
0.793263165,0.789466554,0.776761532,5.621763015
0.75139709,0.744435304,0.720633368,5.12591488
0.653031316,0.642178492,0.605131721,3.461812519
0.952619617,0.950158827,0.94225632,0.115813636
0.910760734,0.909990526,0.908188715,0.177784568
0.927785285,0.924867904,0.91582947,0.577588195
0.966381125,0.965597853,0.96370533,0.04777097
0.977403061,0.977043486,0.976270395,0.090747319
0.986440961,0.98618263,0.985637924,0.206077219
0.973093369,0.972951011,0.972680818,0.126682928
0.933717247,0.930947449,0.922475708,0.566990753
0.576010015,0.577726747,0.580021596,0.8750513
0.945184327,0.9435399,0.938993356,4.106823808
0.762518361,0.75623198,0.734775542,4.336115602
0.607480918,0.598502977,0.567047933,6.361946509
0.733398368,0.728202341,0.710077744,7.307681571
0.841107232,0.838335983,0.829635958,8.580904073
0.90559348,0.903505759,0.897510288,10.5585125
0.954108656,0.952903506,0.949762599,9.38115691
0.543936154,0.544702315,0.546045118,8.167909012
0.863393791,0.86162995,0.85650796,9.774648271
0.882272032,0.881126165,0.87807637,7.730494193
0.86122545,0.859484312,0.854422083,7.419917044
0.882217369,0.880836071,0.877057025,6.395455389
0.881120852,0.878624303,0.871141852,5.883614539
0.785954351,0.780577326,0.762395308,4.386629973
0.917984283,0.916696462,0.91333607,3.416791162
0.990524661,0.990441562,0.99028495,0.060151588
0.958940861,0.958921012,0.95888799,0.206308558
0.658424933,0.653237664,0.642652618,0.081670116
0.986030626,0.985173345,0.982730735,0.239207762
0.886887555,0.881362013,0.86288517,0.37176781
0.976577676,0.976555657,0.976519129,0.133049647
0.977643049,0.976673625,0.974075336,0.070679472
0.849600507,0.844418383,0.827275462,0.050619582
0.754867369,0.746948313,0.719950333,4.165006401
0.694102379,0.685757277,0.656981645,5.526799421
0.779321311,0.773378168,0.753219269,7.560106013
0.825806914,0.822063763,0.809861707,8.272025033
0.828482737,0.825654469,0.816645628,8.378399692
0.828419011,0.8277563,0.825854527,8.808987808
0.839000806,0.836591773,0.829115292,9.210812117
0.851313405,0.849269102,0.843128099,9.014421962
0.865543424,0.862038015,0.8509438,10.37476012
0.733690095,0.732100007,0.726207603,8.252679227
0.841518963,0.838350084,0.828276873,9.157231537
0.850746617,0.846654809,0.833410998,7.018433795
0.815456035,0.810680773,0.794811512,6.744684891
0.743382723,0.736274979,0.711925208,4.999996755
0.68923601,0.679371287,0.645637182,3.616641663
0.969122004,0.969096653,0.969053193,0.03166635
0.979883777,0.979701943,0.979344263,0.079590182
0.774069253,0.773475083,0.771410668,0.807800476
0.766059039,0.765924636,0.7651802,4.291135407
0.893305618,0.891376814,0.885876522,5.284436159
0.812497785,0.808845502,0.796835708,8.584611824
0.766939826,0.761343273,0.742240859,9.379266949
0.720968271,0.714887478,0.69370017,9.116038589
0.786348378,0.781456303,0.764928484,9.18721161
0.837348238,0.833533717,0.821176526,11.16198119
0.806906927,0.802516375,0.787903228,10.16010387
0.840307404,0.838457138,0.832873467,8.460243744
0.871904883,0.86893759,0.859770847,8.785677908
0.875189015,0.872049916,0.862294716,7.79069368
0.80632205,0.804317731,0.79789524,3.934297149
0.81170758,0.806022933,0.786977945,3.618343461
0.789574183,0.782401616,0.758076505,1.900901077
0.62550319,0.613277373,0.571769932,1.079248219
0.913925223,0.910092496,0.897528079,0.281697309
0.985147067,0.984448855,0.982639288,0.062241562
0.952765317,0.95042292,0.942607076,0.177744773
0.920273397,0.918702518,0.914038424,0.930224455
0.980003317,0.978768531,0.97507337,0.42064996
0.872105395,0.872101588,0.872092925,0.148799306
0.85109402,0.851025606,0.850861412,0.510026079
0.886107947,0.883504373,0.87567301,3.32596804
0.881738655,0.879431335,0.872600989,6.897983115
0.784363523,0.779823919,0.764478319,7.205025751
0.873357397,0.86995708,0.859269199,9.904694201
0.874843014,0.872518049,0.865590446,10.07411923
0.916912964,0.915235767,0.910632174,9.465924029
0.857264736,0.854009339,0.843748592,8.825313213
0.85191456,0.847502084,0.833127696,10.66232476
0.818826947,0.815047559,0.802657524,5.997976037
0.737661408,0.73114318,0.708689037,5.515125955
0.827590239,0.825223957,0.817788908,8.847859521
0.808585402,0.804358782,0.79032671,7.455284287
0.764627972,0.760984109,0.74847339,6.867253895
0.842652096,0.838550301,0.825223888,4.690764479
0.851412577,0.846655905,0.831052507,5.054489704
0.712998194,0.703871605,0.672656401,2.96590928
0.931403153,0.931129779,0.930572248,0.846748196
0.935495116,0.933651456,0.928475366,0.64447334
0.934764663,0.935585863,0.943847353,5.539268823
0.89430195,0.890238406,0.877136684,0.014205442
0.877886352,0.875558159,0.868352105,0.365150043
0.934814058,0.932202816,0.924078445,0.578223792
0.719415738,0.709092336,0.67362859,0.177671528
0.823427628,0.818782964,0.803426855,3.827011735
0.856338922,0.853497058,0.844671541,7.098635786
0.84782262,0.844276016,0.832932028,7.730751127
0.803290984,0.798811946,0.783860578,5.735812138
0.860177409,0.858000097,0.851478301,7.533521731
0.688509475,0.688796987,0.689288645,8.477722235
0.499458787,0.499454774,0.494871688,3.375499449
0.649416314,0.65003562,0.651102177,8.675292942
0.933470182,0.930290001,0.919911426,2.508257565
0.954810983,0.954427887,0.953618999,4.659346115
0.929726329,0.929407134,0.928743276,4.931406961
0.747203595,0.746778638,0.745022574,4.935384558
0.885226025,0.882344033,0.873629135,0.384502654
0.978007415,0.977330082,0.975065213,0.07426548
0.864570887,0.85905132,0.840297611,0.081200955
0.982255513,0.981106273,0.977518589,0.025093322
0.966168952,0.965041422,0.96206696,0.555812764
0.972077514,0.971814594,0.971279203,0.059944029
0.985268309,0.985118401,0.984836772,0.085712028
0.854703134,0.854532949,0.854146985,0.785742213
0.847767199,0.847229607,0.845851263,1.381332398
0.628321083,0.617124777,0.578921386,3.236054917
0.754976801,0.748051614,0.724399301,6.247549008
0.686330775,0.681318532,0.663227536,6.26624204
0.79182005,0.787116971,0.771287785,8.728158844
0.838828806,0.837489657,0.833562239,8.722025354
0.895830195,0.893609798,0.887135289,10.83064288
0.875317548,0.872654974,0.864568521,11.46129835
0.645608925,0.645619096,0.645635049,9.487383759
0.880514141,0.878220816,0.871432046,7.680160909
0.936269946,0.934701908,0.930446816,9.64344838
0.944056999,0.942517868,0.938332053,8.749744425
0.830398317,0.830423685,0.830447871,5.30695248
0.824037835,0.81885551,0.801630077,3.726439321
0.787820858,0.781378211,0.759582328,2.762384204
0.976314923,0.975464867,0.973338552,0.066081213
0.944584271,0.944417521,0.943830991,0.110444872
0.981396132,0.980854426,0.979563412,0.09708169
0.979784294,0.979115957,0.977128161,0.171066722
0.666508347,0.654708982,0.614442152,1.892995335
0.623052199,0.611512089,0.572208519,3.719541395
0.705502008,0.697816474,0.671259706,5.753540746
0.640735642,0.632615128,0.604092595,7.872940565
0.612249432,0.603082177,0.571083271,8.092964893
0.678601988,0.671466221,0.646418001,9.596143184
0.676969611,0.669682918,0.64413683,9.451349333
0.783568462,0.779930507,0.767663144,10.44003998
0.800194293,0.796916846,0.786073851,9.184151578
0.84450051,0.840123967,0.825841334,7.276493816
0.879064193,0.875556115,0.864502891,6.929291326
0.843917269,0.843919936,0.84392414,4.112483848
0.767988688,0.759719112,0.731490323,3.228160284
0.972093423,0.97160861,0.970575173,0.368039373
0.698736323,0.689043899,0.655907718,1.892752941
0.704027429,0.696212497,0.66922514,3.951571271
0.773059113,0.766692302,0.745052184,4.606476901
0.831045039,0.827071917,0.814112655,6.817028172
0.803726189,0.798713867,0.781932423,8.857512931
0.772400785,0.768054615,0.753239229,9.731044345
0.794224093,0.79120405,0.78118075,11.89686966
0.831515467,0.827995522,0.816618589,7.319837528
0.925278176,0.923695454,0.919402105,7.899318891
0.896095403,0.89387979,0.88742241,6.734151088
0.857815685,0.855065177,0.84656643,8.109796297
0.841715798,0.836372331,0.818642409,3.637971772
0.853859181,0.849479838,0.835231475,6.567864372
0.810441227,0.80408368,0.782676407,5.541983636
0.769803535,0.761193586,0.731640398,4.142525757
0.899393992,0.897478837,0.892141158,0.101464664
0.924561072,0.923228673,0.919607416,0.753821997
0.980881978,0.98072665,0.980424628,0.067042393
0.729036759,0.722074484,0.698080438,2.100993627
0.645262886,0.635202305,0.600649619,0.665716025
0.59180957,0.579620038,0.538233568,1.590006365
0.556352694,0.544318123,0.503344301,1.143692667
0.598513759,0.590133202,0.560433027,9.251636583
0.536280632,0.527676067,0.4968125,9.106715778
0.594203464,0.58566148,0.555431943,8.72638148
0.626480258,0.61884877,0.591715299,11.89736458
0.620292226,0.610972294,0.5785635,7.793945881
0.69309735,0.685546422,0.659311579,9.166907861
0.578686953,0.568903234,0.534794746,9.042703432
0.629394661,0.620472619,0.589362335,6.83301732
0.599406087,0.588078676,0.549377651,4.943298364
0.546947776,0.534449107,0.492066175,5.210506301
0.982338898,0.981779944,0.980433081,0.121378379
0.962754605,0.961181175,0.956702038,1.113215878
0.910695182,0.910154773,0.908362567,0.885036726
0.828114056,0.823247192,0.807152281,3.21871826
0.9479673,0.94605527,0.940549562,4.040765112
0.625943031,0.626556371,0.626861753,5.906891928
0.587380321,0.587781564,0.588469108,8.667805335
0.968236642,0.966901863,0.963224904,9.95830318
0.939808344,0.937638671,0.931279425,11.81236471
0.593656244,0.594019636,0.594639357,10.51445924
0.95959149,0.958651646,0.956314994,10.43472321
0.9060421,0.905433173,0.904008829,11.04027182
0.965645562,0.964769842,0.962636638,10.276049
0.920250599,0.918811724,0.914981877,10.03070057
0.94225888,0.940805722,0.936907792,6.358396987
0.936739683,0.933779617,0.924400485,4.754934257
0.849561468,0.844293883,0.826841611,4.055528666
0.932131656,0.928982493,0.918910391,5.223744065
0.645731553,0.634134063,0.594655481,3.695213903
0.957246186,0.955922314,0.95237653,0.175765676
0.987485518,0.986820087,0.985067146,0.052557113
0.948289636,0.948135495,0.947843634,0.350359344
0.953850651,0.953043175,0.951190661,0.254472398
0.862151922,0.86042337,0.855517011,0.458933802
0.843464218,0.842986709,0.841766067,1.370756066
0.948017392,0.945594525,0.938148678,0.050103437
0.974741115,0.97466561,0.974529989,0.330073951
0.933941755,0.933029897,0.93081338,1.388715203
0.93946164,0.939351272,0.939148524,0.5443218
0.870061994,0.865873017,0.852351243,3.113989029
0.683131185,0.674393305,0.644276366,4.155040757
0.698695683,0.692003137,0.668586528,6.095598238
0.707444257,0.701834342,0.6820387,8.47976417
0.681743416,0.676277345,0.656644217,9.063921388
0.744088183,0.739266963,0.722519985,10.8038343
0.814778808,0.81164418,0.801445891,10.26786284
0.818238108,0.814117223,0.80053804,6.974740027
0.778569139,0.774574912,0.761030082,9.819127881
0.801109014,0.795128284,0.774997474,8.864021155
0.756033888,0.7513024,0.734995721,10.06115505
0.713917221,0.706627188,0.681426171,7.935106919
0.821180862,0.816225327,0.799772319,7.701230984
0.804856192,0.798529659,0.77721612,5.351621954
0.840497187,0.834066264,0.81199195,3.805486517
0.630369581,0.617866662,0.57542537,3.521812421
0.891426788,0.890555016,0.888373568,1.169965633
0.966462538,0.965123245,0.961525894,0.602056308
0.931974533,0.929363598,0.921122461,0.300365491
0.955364054,0.953343088,0.947325787,0.055364669
0.90223019,0.901499393,0.899734009,1.523997924
0.855232555,0.850500786,0.834995412,3.657501426
0.692236802,0.684457176,0.657481076,5.406422853
0.770975848,0.766053872,0.749268011,8.062229708
0.867751451,0.864255362,0.85320429,8.448419317
0.90028826,0.897835679,0.890572371,8.674193948
0.932621549,0.931256533,0.927662635,8.711614139
0.919703577,0.916197527,0.904939806,6.190791292
0.79084206,0.78596745,0.769543126,1.950565276
0.723161601,0.714280637,0.683920193,2.11297451
0.740020672,0.734924211,0.717208288,7.38403328
0.791559816,0.787493169,0.773842234,7.948392801
0.708657914,0.702192347,0.679616556,7.934421848
0.539134358,0.525633331,0.480231051,1.098971308
0.557342925,0.543744487,0.498008885,2.035084077
0.401955867,0.387011415,0.338065377,2.463451004
0.361274587,0.346296691,0.297709162,1.544886007
0.507809048,0.493296135,0.444935971,1.991065252
0.831357681,0.825106314,0.804045476,2.02907486
0.684409711,0.673062447,0.634236079,1.706637848
0.848997332,0.843787329,0.826545302,0.550093327
0.867477402,0.863904646,0.852580609,2.094271896
0.872785797,0.869994248,0.861446127,3.4350648
0.768653036,0.762316957,0.740745457,1.908005815
0.570918609,0.557426794,0.511988745,0.37348992
0.641126271,0.631123435,0.596729672,1.70740211
0.771682036,0.765230551,0.743294366,4.415399102
0.764557293,0.757972786,0.735534391,3.415076553
0.828555112,0.824580272,0.811595191,5.49302857
0.81224525,0.808076011,0.794275897,9.177554588
0.777293076,0.771251999,0.750745265,5.250455962
0.804448215,0.799539694,0.783121194,4.306323569
0.890339132,0.886521516,0.874348966,3.227711286
0.81093448,0.80414222,0.781164974,1.18194855
0.796702614,0.794499117,0.787341364,1.434799127
0.929719795,0.927739772,0.922239812,0.295867319
0.95112881,0.951123573,0.951114898,0.523510367
0.972676904,0.972525153,0.972235356,0.274875254
0.955099538,0.953366037,0.948248629,0.266452956
0.98032469,0.979304427,0.976575079,0.198284769
0.544669662,0.530281917,0.482139622,1.152765603
0.644884549,0.637256436,0.610313063,4.22076675
0.714512638,0.708921407,0.689269557,6.105175154
0.703075449,0.697674483,0.678512932,7.827643464
0.694521739,0.689164119,0.670041248,8.981524491
0.659381198,0.652698083,0.628888517,8.176822284
0.543218215,0.53441216,0.502996308,9.458228694
0.616860875,0.608976914,0.580968441,9.078279507
0.642439512,0.635422693,0.610374992,10.60309628
0.579525538,0.572002802,0.544756314,8.559713083
0.631367388,0.623606957,0.596119278,8.611762021
0.619620943,0.610166456,0.577338146,8.527320592
0.611909374,0.602079092,0.568042622,7.043547505
0.591400663,0.579894638,0.540618358,5.400668468
0.950290345,0.948605789,0.943885593,0.185817339
0.983059738,0.982998288,0.982888134,0.04472402
0.969976631,0.96967123,0.969040233,0.289115638
0.877211438,0.872410089,0.856570107,0.093701899
0.937574009,0.935289504,0.928638547,0.238166939
0.985005545,0.984885404,0.984664219,0.040480937
0.696534306,0.688050437,0.658845967,3.444863077
0.665720987,0.657568386,0.629169786,5.603436204
0.697934691,0.691639565,0.669501064,6.340800169
0.761821336,0.757220341,0.741420518,7.728374014
0.691806471,0.685746932,0.664303577,5.145310019
0.68150772,0.675093105,0.652386613,9.499533196
0.686826821,0.681059743,0.660508069,7.544522785
0.66176752,0.654470341,0.628737677,6.467480674
0.694660767,0.687482982,0.662461417,7.420562127
0.666966032,0.658943477,0.630966931,6.946494082
0.698483391,0.690855883,0.664424258,6.839930967
0.632953147,0.623945004,0.592595725,5.90134133
0.60901343,0.597794278,0.559460589,3.485195623
0.542174784,0.528365687,0.482019598,0.214434859
0.527685044,0.51554902,0.474219782,1.271086068
0.503507536,0.491418194,0.450194066,3.223588516
0.538364116,0.527292589,0.489135496,3.256235373
0.483125339,0.47154996,0.431789444,4.574881299
0.505114729,0.494835082,0.458874438,6.315438574
0.494381343,0.483781448,0.446855474,7.118643001
0.515374017,0.504238055,0.465815921,4.868085577
0.472744135,0.461208808,0.421553959,4.537049167
0.46814841,0.456011412,0.414638681,3.759415384
0.480358923,0.46797656,0.425897023,2.876135951
0.487562982,0.475052526,0.432602141,2.28433261
0.480017198,0.467121953,0.423568123,1.789114172
0.490918395,0.479156102,0.438865887,2.268481626
0.463747836,0.450606604,0.40637668,1.25028672
0.436236388,0.421721971,0.373711808,0.221340308
0.377926473,0.362721508,0.313314274,0.529489314
0.466400537,0.451884517,0.403701294,0.052918113
0.48670639,0.471799243,0.422368132,1.004986731
0.465430022,0.450070418,0.399442399,1.387779743
0.532697931,0.519484422,0.47495545,23.94282623
0.606474398,0.594500928,0.553805947,0.606500002
0.52806078,0.51411791,0.467402508,0.180074317
0.504134705,0.489793447,0.441960635,0.048693416
0.562845251,0.550659226,0.509240755,0.833796991
0.578466437,0.567758512,0.530859573,2.136785704
0.564156873,0.554649464,0.521278349,3.647869429
0.543260836,0.532486132,0.495226885,2.909562201
0.476915685,0.464464385,0.422188526,1.945639655
0.520602305,0.508974069,0.469124918,2.727685535
0.602530738,0.592377137,0.557292124,2.915616788
0.593821561,0.58336187,0.547293916,1.621890028
0.544861311,0.533107733,0.492947778,1.577871
0.470823672,0.457561532,0.412969648,0.744910454
0.430901404,0.417370336,0.372153918,0.93904246
0.432787907,0.418521918,0.371233329,0.535883621
0.395922356,0.381306583,0.333322357,0.491802567
0.432402202,0.417972371,0.370225021,0.240665263
0.453349595,0.43879965,0.390587364,0.115067763
0.517778949,0.50325508,0.454818633,0.190299563
0.596200951,0.584791187,0.545825908,0.101205185
0.70770655,0.699495142,0.671253461,0.700478264
0.671322862,0.663150532,0.634738623,2.093922089
0.713126143,0.705732836,0.680189431,2.574582067
0.745592435,0.741153878,0.725712461,4.458912114
0.705441782,0.700575994,0.683209148,5.96690099
0.74218083,0.737441614,0.720947404,6.952201883
0.757693911,0.754991493,0.745615269,6.788201498
0.815654263,0.811984482,0.799944562,7.157434259
0.816031523,0.812645581,0.801591506,6.627332713
0.881764612,0.880133168,0.875553938,5.875663986
0.862896262,0.860157801,0.85173499,8.534412602
0.641057701,0.641409711,0.642012882,8.150957077
0.887583924,0.885561131,0.879721589,7.499081829
0.802445792,0.798285156,0.784421985,5.14741072
0.871357863,0.868819574,0.86114097,2.830137422
0.863641527,0.859111847,0.844348637,2.912339689
0.992550445,0.992038151,0.990678293,0.008065401
0.98036743,0.980012458,0.979264236,0.266165383
0.870606902,0.869894854,0.868146183,0.365245824
0.98838505,0.987682877,0.985800127,0.03811631
0.771006131,0.763572394,0.738294371,1.318267892
0.889840279,0.887068294,0.878660421,0.999306451
0.770191486,0.765141003,0.747912178,3.267726105
0.731715055,0.726593416,0.70869681,5.649291135
0.797237321,0.793998175,0.783254845,6.997113959
0.833464788,0.831495149,0.825453934,8.786418696
0.799174773,0.7960463,0.785705121,8.831659918
0.869332816,0.865887148,0.85502174,8.591440567
0.848527066,0.845519846,0.836063209,10.98146099
0.832695889,0.828370769,0.814195041,6.068030087
0.773659531,0.767263008,0.745527205,4.174352527
0.836947884,0.832581192,0.8182885,3.436070786
0.835368347,0.831132058,0.817285581,5.25808746
0.893764472,0.890740011,0.881445855,5.784104387
0.657231219,0.657894185,0.658932724,6.04156358
0.70295313,0.703361425,0.703867292,5.010393003
0.905902681,0.902053959,0.889651872,4.204054827
0.678116022,0.6674253,0.630937064,1.555951947
0.971024896,0.970053869,0.967550501,0.094057435
0.97185186,0.970294247,0.965637318,0.178037681
0.924683847,0.923458847,0.920294605,1.38149726
0.899056262,0.897457027,0.893069504,0.695810138
0.898919309,0.89868752,0.898190577,0.9395375
0.937834748,0.935397998,0.928073613,0.361726293
0.964069873,0.962199124,0.956534859,0.001292229
0.965975882,0.965737472,0.965262464,0.054336756
0.988279588,0.98805134,0.987567815,0.045147563
0.985555478,0.985056716,0.983881855,0.078241588
0.793644066,0.793710739,0.793783691,1.145978202
0.815026195,0.815027098,0.815028504,1.658595459
0.893375294,0.889140689,0.875366582,1.080610217
0.849182862,0.845451471,0.833468152,5.105960335
0.812126066,0.808715255,0.797536572,5.553383268
0.846194231,0.84412433,0.837856486,9.108770068
0.865657355,0.865502021,0.865146806,7.14984126
0.924956513,0.924738,0.924300722,8.707198077
0.577129647,0.577232432,0.577399701,5.869003176
0.904417703,0.902454045,0.896874633,8.675627342
0.81227628,0.811174435,0.807785405,6.618889492
0.875334208,0.874754897,0.873322927,7.087090832
0.933582725,0.932937466,0.931458394,7.537213479
0.843528408,0.839290012,0.825488537,7.075666383
0.832796844,0.830168787,0.821887937,5.063402865
0.853832343,0.849978926,0.837593801,3.674133283
0.8212648,0.816326828,0.799935473,2.789110117
0.803758612,0.797088267,0.774559684,1.293686245
0.899021484,0.896319084,0.888295995,0.019719478
0.921860849,0.921873683,0.921890471,0.188873159
0.799518796,0.79973932,0.799886534,0.770664494
0.965040096,0.96431619,0.962598619,0.714592825
0.991770464,0.991458373,0.990728113,0.108516309
0.621870939,0.620646555,0.614539536,3.081369915
0.764877459,0.763050563,0.756813044,1.481018699
0.69905672,0.695394785,0.682035782,1.318249774
0.95501305,0.954628427,0.953836225,0.223535336
0.946529687,0.94577377,0.94311791,0.06023976
0.976364396,0.975784728,0.974427156,0.281464545
0.880755745,0.880637196,0.880386468,1.023461641
0.806395011,0.80022423,0.779461039,1.831712991
0.807436489,0.802421006,0.78565895,4.189394343
0.73657236,0.73013367,0.707931128,6.254968623
0.79879509,0.793666662,0.77644531,7.548114961
0.857132537,0.853905476,0.843743074,8.492608671
0.84663869,0.845881407,0.843807928,7.972406039
0.914004111,0.912394052,0.908004553,8.789803735
0.837024956,0.835116337,0.829310398,8.163738068
0.39142293,0.392698848,0.394974845,8.984216397
0.859265348,0.855804927,0.84483619,6.3418047
0.875397872,0.874379653,0.871682308,6.034135112
0.80931402,0.805699038,0.793786766,6.219939316
0.811038631,0.806520437,0.791503648,3.781378137
0.857673036,0.854369929,0.843944773,4.338692772
0.792133221,0.787472203,0.771789526,2.158999882
0.958961092,0.957429625,0.953057838,0.066264739
0.973056165,0.972922158,0.972669892,0.017285953
0.988863905,0.9881079,0.985958057,2.555694265
0.964284733,0.963687616,0.962324151,0.100268107
0.959591723,0.959591119,0.959590179,0.027625825
0.970927865,0.970643253,0.970076565,0.273459246
0.954429623,0.954359456,0.954234895,0.385274917
0.955701525,0.953937292,0.948883261,0.029268466
0.975302984,0.975256099,0.975174515,0.022025636
0.984801341,0.984605971,0.984209346,0.168761221
0.995854778,0.995672525,0.995249657,0.068210341
0.984750191,0.984661407,0.984502149,0.030499113
0.895910644,0.895903212,0.895890565,0.664992092
0.841459833,0.836235878,0.81893481,0.967950399
0.726566279,0.719420557,0.694803628,4.553432522
0.787106563,0.782144685,0.765386318,6.487396109
0.850386238,0.846960642,0.836058159,8.292027917
0.852821295,0.84971289,0.839935797,9.694676167
0.816365703,0.815650998,0.813509325,9.21081188
0.813139403,0.811658174,0.80704645,7.620614176
0.88888349,0.887152916,0.88228681,9.302984662
0.910954714,0.910211004,0.908431395,7.848489001
0.894362839,0.891417239,0.882404881,9.299981011
0.94145137,0.939126264,0.932175568,8.03477757
0.805439332,0.801459258,0.788247937,5.79580591
0.788757264,0.782721451,0.762320771,5.758685617
0.8275008,0.82220269,0.804589434,4.312688907
0.775063757,0.768305174,0.745353625,3.282643017
0.9599995,0.95786125,0.951176734,0.090460598
0.951977572,0.951864556,0.951656416,0.004215697
0.940746806,0.940201765,0.939022426,0.08518514
0.910548106,0.910094949,0.90927262,0.017391566
0.984351287,0.984348572,0.984344272,0.003322116
0.934374786,0.934180026,0.933797568,0.588830987
0.989619616,0.989004936,0.987450435,0.02341941
0.98664516,0.986169378,0.9850352,0.104760812
0.842705129,0.841346701,0.836698289,1.248326665
0.737376464,0.737604207,0.737882931,2.874468777
0.715242946,0.715255327,0.714524617,5.11925324
0.893185444,0.890794876,0.883727033,7.104811493
0.851563492,0.848938715,0.840827334,8.639833053
0.890082509,0.887988821,0.881922087,10.06608806
0.851536943,0.849597974,0.84381052,10.25446725
0.819993887,0.817051175,0.807566655,7.087490354
0.800567702,0.798245586,0.790683102,7.208854637
0.825763609,0.823462545,0.816231785,7.637938447
0.896612707,0.894835563,0.88984977,9.417854544
0.820215636,0.816386276,0.803835565,8.230915208
0.874548686,0.870812287,0.858928986,6.134808187
0.836127205,0.83180434,0.817659863,5.491468873
0.902500543,0.898980457,0.887870209,4.76281464
0.776847915,0.769367231,0.743941687,2.436880356
0.968279898,0.968190374,0.968027981,0.476703647
0.955927137,0.955923252,0.955917061,0.612718994
0.974438549,0.974437229,0.974435155,0.124465037
0.781290233,0.778585753,0.769280876,0.141976018
0.879087948,0.874471276,0.859344515,3.766045573
0.668051754,0.658683851,0.626455614,4.834060797
0.742019514,0.735705212,0.713966367,6.249550311
0.81645327,0.812575906,0.799824567,6.487454422
0.836653677,0.83325314,0.822334514,7.561584248
0.734654553,0.734914231,0.735193969,7.504422506
0.538891465,0.539041012,0.539286551,7.989268076
0.919502907,0.918667137,0.916648376,6.829125494
0.984452536,0.983712873,0.981207878,6.850789838
0.881520724,0.880520353,0.877904935,5.505333771
0.832081492,0.830072597,0.823887337,5.700557503
0.84461822,0.842532455,0.836198321,4.781037775
0.88663096,0.8835823,0.874187263,4.648376138
0.859295159,0.854601902,0.839241698,4.404063671
0.789338575,0.782803705,0.760698596,2.892179818
0.966629114,0.965212872,0.961267727,0.153999731
0.872964098,0.870410704,0.861646016,0.008600027
0.976485983,0.976459936,0.976415078,0.030908249
0.969632044,0.968358159,0.964646371,0.003291518
0.595507893,0.583742659,0.543678368,5.375862993
0.736080038,0.729318711,0.706049061,5.4654302
0.708898161,0.702391388,0.679684176,8.192408358
0.745154626,0.738449949,0.715449085,7.899385551
0.710472465,0.703750415,0.680360033,9.743184936
0.652618894,0.644478417,0.616001049,8.559802719
0.590172998,0.58146116,0.550681382,10.114035
0.686885949,0.680185379,0.65661782,7.615893186
0.704299281,0.698426476,0.677733867,7.682012321
0.69113216,0.682060003,0.65092018,4.810175651
0.622390352,0.611385778,0.573767437,2.916136691
0.706662375,0.699923016,0.676437548,4.239932769
0.602466407,0.591484107,0.55385765,2.999962582
0.572599389,0.561588096,0.523746841,2.618085736
0.987709015,0.987459311,0.98692303,0.018434844
0.764409073,0.758630797,0.7389767,0.667136811
0.88352558,0.881881541,0.877260751,0.191892075
0.937458354,0.936813574,0.93533385,0.244224281
0.984743669,0.984232768,0.983001041,0.082566903
0.885469491,0.884511084,0.882032849,1.165005555
0.423221831,0.408311367,0.359277682,1.039102905
0.572246175,0.560996672,0.522435191,2.737651569
0.618482152,0.610041747,0.580329314,4.099496005
0.622582251,0.613739896,0.582821565,5.724629346
0.615797209,0.607289492,0.577346568,4.783934088
0.740097642,0.734717629,0.716056958,7.764109251
0.739035679,0.735065118,0.721124147,6.833733743
0.764838237,0.759530616,0.741378951,7.531622767
0.759543575,0.754826459,0.738608184,6.894621351
0.744547371,0.739626272,0.722549602,5.750521256
0.738383959,0.733811887,0.717833486,5.842409393
0.706474349,0.700392032,0.679040295,4.914503053
0.689188423,0.683915445,0.665004559,3.939627461
0.618349899,0.610133225,0.581110127,3.450763487
0.632034921,0.622687303,0.590277889,2.626014472
0.637036856,0.627169188,0.593174615,1.548710346
0.827372098,0.825416423,0.819352396,0.021546216
0.915207784,0.913638249,0.909377506,0.192601502
0.950519133,0.950193461,0.949525333,0.24841708
0.908498489,0.907509446,0.905041923,0.04943201
0.97397129,0.973629025,0.972906073,0.218436283
0.946028217,0.944033052,0.938244401,0.367440803
0.868744185,0.866522348,0.859901551,0.051526699
0.892038941,0.887873455,0.874380411,0.06780469
0.925465041,0.924691358,0.922848636,0.06800305
0.959483785,0.958036972,0.954052269,0.10186539
0.96992156,0.969772086,0.969494912,0.079563249
0.89256101,0.88880665,0.876861859,2.549684076
0.770686111,0.763927894,0.740949304,0.637546341
0.818968539,0.815188195,0.802796173,3.167734042
0.765740265,0.760818701,0.743978318,3.764705432
0.751597593,0.746845625,0.730418926,5.609683865
0.755615602,0.751919173,0.739118235,5.860773924
0.754027423,0.749423982,0.733526259,5.893697079
0.758969698,0.755600063,0.743956722,6.339461779
0.784062471,0.781329641,0.772174666,6.281801541
0.789331385,0.785749119,0.773737904,6.684192711
0.767513015,0.76268176,0.746165897,6.185354891
0.723322222,0.719298964,0.704977654,5.084172449
0.804442522,0.800308125,0.786554851,4.780739348
0.763043913,0.757651219,0.739194988,4.197380034
0.771347922,0.765205681,0.744308467,3.58215638
0.693260612,0.684868906,0.655937013,2.832619584
0.650334647,0.639109056,0.600848177,2.044895367
0.881201423,0.876570859,0.861370164,0.134052886
0.987235653,0.986912806,0.986191763,0.080648304
0.896617803,0.896585855,0.896527345,0.27256834
0.802316151,0.802360536,0.802358298,0.64212255
0.547016757,0.547035747,0.544077147,1.194481904
0.74283055,0.737654889,0.71970657,2.688873421
0.676485665,0.670863126,0.650657383,4.474066441
0.731093702,0.726051692,0.708413001,5.62639787
0.78799828,0.784229085,0.771560899,5.390808096
0.776073384,0.772925466,0.762251668,6.329283131
0.755476678,0.754009586,0.748812123,6.157886145
0.872001152,0.871061523,0.868582009,7.520506832
0.823843537,0.821993211,0.816261889,5.374421657
0.885101758,0.884768107,0.884011032,6.015114215
0.859382685,0.858057537,0.854322171,4.470441369
0.856408404,0.853762283,0.845613623,5.415123239
0.901929732,0.899070027,0.890371184,4.525610158
0.819444827,0.816763536,0.808172463,3.46530227
0.85854109,0.856748232,0.851497411,2.28941286
0.772126122,0.764408311,0.738145864,1.823710669
0.928424405,0.925702046,0.917493847,0.19026119
0.955455443,0.954142497,0.950715271,0.222791961
0.914645141,0.913481147,0.910482728,0.432697785
0.992795706,0.992230391,0.990495297,0.149696155
0.732756436,0.732905786,0.73315712,0.156166822
0.669638288,0.670186199,0.671124941,0.745369147
0.853710826,0.850730853,0.841407201,2.916634268
0.826521392,0.822821589,0.81077638,4.122212544
0.819164738,0.815780086,0.804760781,5.85743945
0.801395979,0.797189008,0.783155997,6.679816384
0.877285311,0.875492333,0.870361676,6.3195572
0.888850279,0.887682984,0.884597329,6.624762595
0.908341292,0.907186618,0.904209712,7.482780894
0.855564524,0.852909378,0.844723489,5.830942192
0.945663909,0.9453537,0.944717595,5.797642043
0.829384731,0.826407445,0.816893076,4.418361566
0.631962882,0.632677352,0.633908917,4.867049206
0.827097651,0.824304452,0.815403321,4.742628881
0.83082539,0.826754857,0.813454194,2.536883138
0.81325154,0.808706821,0.793617249,1.863830042
0.774205455,0.768906623,0.750878988,1.424508902
0.950591366,0.950584743,0.950574061,0.124249864
0.868619561,0.868615494,0.868605392,0.301610555
0.919692022,0.918736452,0.916372501,0.099967977
0.878210278,0.878091032,0.877835964,0.361211656
0.696401754,0.696749467,0.697341969,1.090790614
0.881223936,0.877864278,0.867347185,2.737371502
0.760770856,0.755618707,0.73794744,3.838372907
0.825495425,0.821439218,0.80814604,5.167954338
0.912997452,0.911465423,0.907325392,4.746726435
0.640819071,0.641392019,0.64238644,4.643186897
0.83907321,0.83771941,0.833747,4.33738896
0.877302094,0.875800262,0.871612934,6.316014615
0.598687871,0.598727492,0.598790696,4.643981662
0.85061072,0.847791926,0.839004204,5.036597119
0.804908921,0.80282074,0.796099313,5.104316101
0.813991863,0.813427355,0.811725756,3.77067683
0.861448628,0.858806189,0.850705571,3.902648006
0.809942444,0.806480444,0.795102963,2.487395782
0.766448821,0.760886558,0.741894618,1.834385962
0.691375,0.681633707,0.648312544,1.545261014
0.962352536,0.960298646,0.953859194,0.148479568
0.972049921,0.97204829,0.972045728,0.045819157
0.913706796,0.913657584,0.913568918,0.346150849
0.951809679,0.95180874,0.951807271,0.064551419
0.971619861,0.970315749,0.966769401,0.676874517
0.958002136,0.957493306,0.956372912,0.288333045
0.985929804,0.985415979,0.984160356,0.004421107
0.973379633,0.971905987,0.967621031,0.165212818
0.928630676,0.926380094,0.919805925,0.167869952
0.65637903,0.656927013,0.657868579,0.674612211
0.554411843,0.555396318,0.557108058,0.729989958
0.95821564,0.95710283,0.954234874,2.702358097
0.827402968,0.823746556,0.811859791,4.069141608
0.743345062,0.738475201,0.721556335,3.942285386
0.74915018,0.744651336,0.729049213,5.11438899
0.813267608,0.808848943,0.794195395,5.078714603
0.853531571,0.852466103,0.84950262,6.31391885
0.857634586,0.855475557,0.848996974,5.388991201
0.823280794,0.820035886,0.809539321,5.2982868
0.797909909,0.795453127,0.787401973,4.473862043
0.816470019,0.812226187,0.798205481,4.36824626
0.77785625,0.774719213,0.764104102,3.297775211
0.749857629,0.74567106,0.731133338,3.372202683
0.808981849,0.804359174,0.788963976,2.508910281
0.742723433,0.735263795,0.709742746,1.556419101
0.75482366,0.746251774,0.716980615,1.4550718
0.878279707,0.878349293,0.878466364,0.093878055
0.968351758,0.968357093,0.968365548,0.151483295
0.944966994,0.94492564,0.944628405,0.235410648
0.979736972,0.979479463,0.978946727,0.244267299
0.982786142,0.982770577,0.982744711,0.298367489
0.965210052,0.9651306,0.964988295,0.07179792
0.979864867,0.979669318,0.979280995,0.077322118
0.962162103,0.961488929,0.959920061,0.045100562
0.791490801,0.791607108,0.791793473,0.93073673
0.640135555,0.639201166,0.634354612,0.337425834
0.684705776,0.68392445,0.680122856,2.702671636
0.833588844,0.829912474,0.81800804,3.518617196
0.840524888,0.836897247,0.825217028,4.907110435
0.903483301,0.902099775,0.898403437,4.325991014
0.962319056,0.961876047,0.960914574,5.733020752
0.561772304,0.562410571,0.563522638,5.54308183
0.9443008,0.942982986,0.939524683,6.3383065
0.848762162,0.847660813,0.844555522,4.216545573
0.894376349,0.892993355,0.889264597,3.898489702
0.603170015,0.603839238,0.605008208,4.251497084
0.924124405,0.921695206,0.91449838,4.622495724
0.880105656,0.877477969,0.869536824,3.800587968
0.802707828,0.798903988,0.786273092,2.64045269
0.795882777,0.791398298,0.776357543,2.199177234
0.717342357,0.708638708,0.678845394,0.976872157
0.9698387,0.968688418,0.965604551,0.038648848
0.900541238,0.897109772,0.886328214,0.116288998
0.584414012,0.584915727,0.58472358,0.543626599
0.919988598,0.919572108,0.918662838,0.384309482
0.920368808,0.918375212,0.912706978,0.411823247
0.9707523,0.969755117,0.967169998,0.357525651
0.958126959,0.957683493,0.956749027,0.077954693
0.949870202,0.949858184,0.9498385,0.216210495
0.987363793,0.987286736,0.98714478,0.280979044
0.968764409,0.966988555,0.961488317,0.142818374
0.977441839,0.976351058,0.973380153,0.027743587
0.976588091,0.976453999,0.976200023,0.021613371
0.972823874,0.972116608,0.97042795,0.012718466
0.984933914,0.984567874,0.983746511,0.3607648
0.878025763,0.878068027,0.878138908,0.462726712
0.878855958,0.879033144,0.879334686,1.089415304
0.851904087,0.851821643,0.85164112,2.052602361
0.640433134,0.640433172,0.640433229,4.283781706
0.644623807,0.644635608,0.644654154,5.689685651
0.960593801,0.959789309,0.957849155,6.194859006
0.668451248,0.668532743,0.668665748,5.091056948
0.976464791,0.976145986,0.97548683,5.201588736
0.946049025,0.945425711,0.944010031,7.008868457
0.905527454,0.904603786,0.902301193,5.657763161
0.875943208,0.873307649,0.865318012,4.984916383
0.845097154,0.843649823,0.839423565,4.008379153
0.895768775,0.89500189,0.893116836,4.104966915
0.840846554,0.838181909,0.829846544,4.087561398
0.812396674,0.809051266,0.798101246,2.933187179
0.81010934,0.805179679,0.788734803,2.787922482
0.752131404,0.748832459,0.737344056,1.710354447
0.648730945,0.636868664,0.596500968,1.014524334
0.956135526,0.955364833,0.953539093,0.175004796
0.712528925,0.711708318,0.710268098,0.137004105
0.989277198,0.988543445,0.986533872,1.492269656
0.859537295,0.858706613,0.856484482,1.411512898
0.934909119,0.934828145,0.934681422,0.841959804
0.985859205,0.985804833,0.985707575,0.053284942
0.963924898,0.962082308,0.956614127,0.091810429
0.970840691,0.969746418,0.966864892,0.086042152
0.983786942,0.983650603,0.983387929,0.025438125
0.980337785,0.980025519,0.978792764,0.101832731
0.833871051,0.833913987,0.833983371,0.68518983
0.611799075,0.611828119,0.611874207,3.519488242
0.944755345,0.943698902,0.941052584,4.874533121
0.856682811,0.852656471,0.839674036,4.726291778
0.733544054,0.727432878,0.706279222,5.829762762
0.751928061,0.746595845,0.728225065,6.300825884
0.723110655,0.717247112,0.69679691,6.327113965
0.748969764,0.742886938,0.721983295,6.875746376
0.750643628,0.746191586,0.730765285,6.326629373
0.76196243,0.757792782,0.743457833,5.972131331
0.811772295,0.807029969,0.791245245,7.01598717
0.834393426,0.829926393,0.815265641,5.1266913
0.724055325,0.717798135,0.696065237,5.447665668
0.784921202,0.779233137,0.759985482,3.670406784
0.78480372,0.780714062,0.766911745,2.654940319
0.739465881,0.733318498,0.71210609,2.238421667
0.656148823,0.644665037,0.605546168,1.604276242
0.983143414,0.982136627,0.979343762,0.088950928
0.969478928,0.96839572,0.965547736,0.150502214
0.982930147,0.982480052,0.981443033,0.078732398
0.976844,0.975760941,0.97278166,0.006604505
0.961235322,0.96071882,0.959598882,0.015090252
0.918712458,0.91766644,0.915033298,0.430257206
0.954260622,0.95262697,0.94811547,0.286719225
0.960288146,0.96019568,0.96002829,0.862189291
0.702020327,0.702024568,0.702031184,1.558641668
0.764597285,0.763129467,0.758036661,1.920184303
0.842867393,0.840367086,0.832612243,2.831358847
0.594014342,0.586342941,0.55877569,2.411543924
0.626762011,0.62076511,0.598766647,3.679744144
0.690926948,0.686959786,0.672395297,4.785983445
0.735764204,0.731495742,0.716506918,5.227286736
